rec,rep,D,D_ends,D_theory,R,R_theory,R_theory2,H,kernelpixelVar,r_PixVar_rgb,g_PixVar_rgb,b_PixVar_rgb,y_PixVar_ycrcb,gray_PixVar_grayscale,h_PixVar_hsv,l_PixVar_lab,l_PixVar_luv,x_PixVar_xyz,y_PixVar_yuv,cr_PixVar_ycrcb,s_PixVar_hsv,a_PixVar_lab,u_PixVar_luv,y_PixVar_xyz,u_PixVar_yuv,cb_PixVar_ycrcb,v_PixVar_hsv,b_PixVar_lab,v_PixVar_luv,z_PixVar_xyz,v_PixVar_yuv,D_sfm,R_sfm,H_sfm
Reef_25_2019_10_31_SFM_3_04_DEM,1,2.111703199,2.08442082,2.08442082,1.050763596,1.004122719,1.015005768,0.191881459,2165.902831,1121.919595,1479.892306,1423.48247,2.540144473,1356.28369,1420.163307,2.383083323,4.658636629,1686.234197,15.77365164,10.71591092,468.5437193,5.482171194,8.0512566,1391.749618,1.956208184,1356.28369,5.244181954,1474.778084,1474.19324,1176.679339,1356.28369,2.21438476,1.494001932,0.506525576
Reef_25_2019_10_31_SFM_3_04_DEM,2,2.174818642,2.156953401,2.156953401,1.047861296,1.006443515,1.017732757,0.186672981,1701.809825,909.2971406,1217.325822,1202.994194,3.246989282,1114.640682,1193.28388,2.99575916,6.21391204,1419.334189,14.37669822,9.592490818,282.58143,4.673598954,6.595231996,1143.40374,2.515464432,1114.640682,6.489533449,1209.677392,1208.92617,967.0034861,1114.640682,2.125234284,1.515772342,0.650860071
Reef_25_2019_10_31_SFM_3_04_DEM,3,2.135768176,2.131171453,2.131171453,1.089907068,1.008400617,1.02779308,0.233180941,2237.104506,1358.292621,1968.033409,1939.729121,4.832748284,1763.623486,1922.927388,4.372706921,8.086129903,2287.058961,30.69002252,20.50554271,464.1488957,9.131731829,13.46407341,1821.256164,3.855858833,1763.623486,11.36602078,1975.061625,1973.892973,1514.54689,1763.623486,2.379024816,2.01689097,0.548607796
Reef_25_2019_10_31_SFM_3_04_DEM,4,2.112011469,2.111051673,2.111051673,1.076751856,1.006593471,1.02396209,0.221402389,2429.658979,1322.864895,1974.794686,1924.503376,4.805812177,1753.250585,1910.526082,4.537434837,8.078291481,2271.231323,34.64900537,23.095537,440.9695632,10.74052406,14.5275533,1815.763679,3.851084741,1753.250585,15.24110738,1969.773677,1968.921152,1498.086394,1753.250585,2.310438462,1.896178296,0.564112253
Reef_25_2019_10_31_SFM_3_04_DEM,5,2.104650259,2.073820577,2.073820577,1.052266877,1.005798083,1.01943421,0.236167315,2264.5403,1477.98585,2218.863824,2251.245849,5.393191439,1979.325795,2235.451456,3.786267636,7.577914753,2644.250224,36.49036372,24.51791657,507.5209983,9.589638115,16.25789639,2046.39836,4.247363404,1979.325795,8.875433779,2258.146984,2256.581349,1696.526012,1979.325795,2.23143955,1.636992684,0.46961695
Reef_25_2019_10_31_SFM_3_04_DEM,6,2.103689463,2.101205558,2.101205558,1.066442242,1.00829078,1.030224678,0.256996051,2387.14089,1500.109445,2190.195665,2123.363695,5.087521341,1955.602939,2104.994311,5.011504924,8.713968618,2508.440055,33.71151499,22.60257981,555.3416023,10.66822984,15.21302366,2021.909372,4.080602765,1955.602939,14.57427295,2201.603313,2200.565799,1675.10412,1955.602939,2.34359425,1.836943646,0.425695658
Reef_25_2019_10_31_SFM_3_04_DEM,7,2.138858948,2.148247692,2.148247692,1.063529226,1.006361563,1.023252056,0.191159767,2400.523481,1228.15231,1574.874117,1504.959684,4.005551415,1452.881768,1497.013998,4.236244337,7.970616871,1784.231706,16.64631143,11.00809209,518.2405728,5.331906099,7.751548521,1487.528023,3.228062913,1452.883266,9.122655063,1577.817956,1576.896903,1263.625477,1452.883266,2.238762499,1.820515353,0.620923311
Reef_25_2019_10_31_SFM_3_04_DEM,8,2.117060828,2.132730283,2.132730283,1.058047578,1.006581818,1.022097976,0.205195283,2848.150675,1268.674927,1929.540669,1871.199828,6.586686922,1701.188608,1867.101856,6.766761869,11.60877151,2208.042854,39.43766031,26.26615254,695.840737,13.40241213,16.44277428,1765.439327,5.260858948,1701.188608,15.58649297,1980.449003,1979.351196,1448.693945,1701.188608,2.346627358,2.345881803,0.631294865
Reef_25_2019_10_31_SFM_3_04_DEM,9,2.099873325,2.074840252,2.074840252,1.088094228,1.010789914,1.026146548,0.321433798,3234.631575,1695.345554,2545.064084,2611.181036,8.640174315,2271.304033,2595.351548,7.06260189,13.13843475,3061.85041,45.81210992,30.65884233,782.9698704,11.94201527,19.32846883,2348.113006,6.813045213,2271.304374,16.65347484,2609.65625,2607.820809,1947.523052,2271.304374,2.399001039,2.017284035,0.534177005
Reef_25_2019_10_31_SFM_3_04_DEM,10,2.1611214,2.154324145,2.154324145,1.057948567,1.006991982,1.022474752,0.19626235,3604.362882,984.2921259,1391.971107,1446.728733,7.738510765,1258.742819,1433.339746,8.126690452,12.64150918,1693.279632,29.19859361,19.30057624,1052.238137,8.151970529,11.29888304,1294.858587,6.135525733,1258.742214,23.16268953,1501.983938,1500.781158,1087.262326,1258.742214,2.467637504,2.425570028,0.535416365
Reef_25_2019_10_31_SFM_3_04_DEM,11,2.097481619,2.105217199,2.105217199,1.079496035,1.006892505,1.025258653,0.23100849,2408.12239,1508.617775,1886.963148,1863.702314,5.358027454,1759.812601,1839.178841,5.349660618,9.579199779,2201.255634,18.13048937,11.99900854,698.1236958,4.82717288,8.389153107,1795.364023,4.20868632,1759.813868,10.40931572,1897.110717,1896.20387,1539.677937,1759.813868,2.265536994,1.706635101,0.606423259
Reef_25_2019_10_31_SFM_3_04_DEM,12,2.163978814,2.164113174,2.164113174,1.083017853,1.009059839,1.025832888,0.216066154,3342.384956,1811.962453,2495.366415,2399.817298,5.314950595,2261.08518,2398.330175,5.525834812,10.12030514,2840.324008,32.11005158,21.12891654,984.975,10.80167105,14.88465456,2326.726365,4.236247132,2261.085303,13.42571602,2547.161533,2545.813881,1949.678491,2261.085303,2.376924296,2.371292366,0.634001553
Reef_25_2019_10_31_SFM_3_04_DEM,13,2.150160491,2.138601941,2.138601941,1.115957544,1.013502892,1.035842021,0.288481392,3121.304872,1456.011444,2152.420614,2234.151489,8.7780383,1929.52581,2220.299551,7.710149083,13.57519729,2616.126337,40.72528411,27.07833305,748.0603408,10.3779253,16.15391302,1991.056027,6.937095799,1929.52581,21.29990481,2223.711182,2222.601102,1658.710626,1929.52581,2.382333115,1.857217024,0.49880743
Reef_25_2019_10_31_SFM_3_04_DEM,14,2.135663662,2.12793761,2.12793761,1.073686545,1.009129489,1.027069991,0.24587077,2729.628277,1631.576982,2145.734243,2154.015142,5.414072084,1979.346799,2140.70109,4.920989623,9.452867362,2537.654967,22.95857803,15.17700676,729.6894408,6.249180966,10.90855216,2025.769765,4.24059615,1979.346799,9.392070427,2179.45886,2178.25961,1722.973255,1979.346799,2.365306105,2.049571079,0.57879746
Reef_25_2019_10_31_SFM_3_04_DEM,15,2.066596988,2.073395623,2.073395623,1.057172357,1.004832434,1.017569672,0.215871638,2463.139794,1510.198072,2071.123304,2082.751143,5.066577292,1888.654751,2067.565471,4.210735521,8.127838082,2451.835723,26.82459537,17.86362194,561.4815089,7.047479334,12.1773507,1939.683016,3.993183521,1888.659924,8.442760925,2090.145416,2089.057973,1635.880063,1888.659924,2.303345405,1.824650059,0.457722783
Reef_25_2019_10_31_SFM_3_04_DEM,16,2.144419499,2.104840487,2.104840487,1.068261891,1.007329778,1.020270886,0.238560814,2360.276231,888.2921649,1047.946747,1011.103418,2.633800681,990.7135227,1009.077796,2.640836608,5.378662594,1199.079136,7.891988985,5.374076011,342.1929168,2.912652681,3.89219179,1006.786558,2.025086254,990.7135227,4.206592746,1027.61218,1027.268289,872.1033777,990.7135227,2.157996498,1.665983071,0.647608593
Reef_29_2019_10_31_SFM_3_02_DEM,1,2.044205334,2.001026836,2.001026836,1.083487178,1.008773968,1.026599505,0.374164862,7047.115926,2196.918559,2512.536495,2659.499515,10.56520311,2419.760893,2512.583075,11.65831132,18.66902189,3116.130058,21.91553787,14.62120862,413.0965149,8.221429738,8.188229497,2444.625504,7.089102054,2419.823561,308.1443529,2609.209161,2607.183136,2153.809182,2419.823561,2.583080593,3.249579045,0.596117973
Reef_29_2019_10_31_SFM_3_02_DEM,2,2.036172839,2.015932522,2.015932522,1.12582208,1.013954567,1.047141682,0.448690814,6622.729293,1884.876994,2317.546598,2371.564566,11.55266611,2175.71484,2266.552483,13.22634402,20.35672135,2785.078412,27.1767515,18.05925303,547.1668413,10.80349412,10.51540865,2215.778765,8.514620015,2175.728094,269.2360346,2361.074224,2359.693038,1912.495514,2175.728094,2.529318264,3.084063987,0.757403791
Reef_29_2019_10_31_SFM_3_02_DEM,3,1.981678447,1.982070917,1.982070917,1.239376805,1.018162865,1.090852969,0.576237125,5479.440466,1527.09794,1983.749618,2144.265364,17.31076237,1838.566418,1967.751121,18.91378197,25.00775068,2496.124269,41.35109212,27.31813043,518.0356862,11.44914815,15.02974447,1878.414162,12.73047285,1838.562967,289.9045801,1993.956768,1992.638908,1609.138025,1838.562967,2.496857555,3.769268356,0.952925205
Reef_29_2019_10_31_SFM_3_02_DEM,4,1.889667137,1.839789031,1.839789031,1.401407959,1.030608233,1.159770105,1.22862325,4653.669894,1071.453268,1897.864278,2148.549383,32.68912502,1621.682875,1770.521612,36.22977179,39.8923302,2474.320397,91.1535719,60.09776887,801.5941474,29.40542774,32.74733193,1696.016161,24.83160602,1621.624797,406.9563454,1837.320143,1836.182815,1367.130506,1621.624797,2.237111832,5.426498662,1.870993495
Reef_29_2019_10_31_SFM_3_02_DEM,5,1.982351549,1.951244044,1.951244044,1.043708365,1.006920909,1.017025388,0.394708711,6933.673065,2028.69165,2212.90899,2334.254514,10.58823312,2160.803871,2215.840453,12.25822124,19.87240109,2738.394237,13.47282573,9.11780146,393.7473108,5.572588619,5.291564407,2174.501923,7.4241179,2160.85481,181.7482255,2274.302911,2272.807025,1934.649822,2160.85481,2.561420371,2.57218604,0.481001854
Reef_29_2019_10_31_SFM_3_02_DEM,6,2.009642166,1.970311912,1.970311912,1.079721336,1.011516598,1.032025133,0.477148907,6894.482373,1925.161658,2220.507241,2283.381586,12.42119428,2123.15442,2224.576941,13.977759,21.85029695,2679.864357,22.90979125,15.21912278,557.5346728,7.750876336,8.63398329,2150.269466,9.354726819,2123.162617,181.6332323,2263.882071,2262.660095,1882.078071,2123.162617,2.478199216,3.834384007,0.780948281
Reef_29_2019_10_31_SFM_3_02_DEM,7,2.042974693,1.996821551,1.996821551,1.096140165,1.014364476,1.032911333,0.486455317,6053.395307,1569.145814,1782.712556,1831.636249,13.76616036,1704.275889,1774.07176,13.93671563,20.32262867,2151.133289,30.94810719,20.5781123,399.1447224,8.047740144,10.8551081,1725.880615,9.868583532,1704.292371,226.0482974,1809.599297,1808.32365,1511.178817,1704.292371,2.334171467,8.124468108,1.464991063
Reef_29_2019_10_31_SFM_3_02_DEM,8,1.947923167,1.965829842,1.965829842,1.364572314,1.036550236,1.147545854,0.868698079,5201.689209,1262.866322,1774.212935,1900.360365,29.89127673,1603.524293,1720.676227,33.74887033,50.38938915,2206.944878,42.08230262,27.77185434,774.1550447,15.18124582,15.70202182,1650.905559,22.33764759,1603.526891,328.908796,1770.463679,1769.568337,1385.53888,1603.526891,2.398017313,6.871178508,1.805042684
Reef_29_2019_10_31_SFM_3_02_DEM,9,2.008463824,1.981018319,1.981018319,1.05759212,1.006820396,1.018683102,0.353406331,6546.005413,1830.013178,2102.074247,2206.360324,11.12066437,2016.21025,2102.379282,11.82290196,16.70829236,2583.260901,24.9842016,16.66885308,453.7199152,6.835079638,9.06026525,2039.532635,7.829147724,2016.240086,178.7170594,2148.75854,2147.556342,1790.813898,2016.240086,2.681290335,2.626338473,0.373251438
Reef_29_2019_10_31_SFM_3_02_DEM,10,1.96453829,1.949295229,1.949295229,1.075932849,1.009556869,1.027559856,0.467273595,6795.828667,1997.208282,2506.036632,2573.823523,9.459021883,2342.044588,2425.477328,11.09106094,14.95484653,3023.710534,31.14529542,20.61364079,574.9369529,12.23213396,12.24170208,2388.044304,7.08912231,2342.025067,310.2286596,2535.400779,2533.537712,2054.319896,2342.025067,2.508813902,2.627892069,0.639592767
Reef_29_2019_10_31_SFM_3_02_DEM,11,2.102574092,2.086217348,2.086217348,1.088731648,1.01182223,1.027340248,0.323533644,6399.497051,1633.715667,1909.089883,2039.68806,15.28681231,1823.533533,1894.585122,16.44763647,25.45438092,2384.275009,25.50705906,16.90090258,350.2805309,7.430546101,9.199343863,1846.651635,10.70893289,1823.544391,293.5227077,1934.934752,1933.453306,1617.424665,1823.544391,2.325409775,4.582522975,1.26359278
Reef_29_2019_10_31_SFM_3_02_DEM,12,1.938012115,1.919268444,1.919268444,1.148940403,1.015889518,1.047423074,0.669648376,7076.665018,1900.204452,2392.216893,2625.443435,31.53684809,2240.081842,2316.70813,36.99962652,56.12500839,3049.323342,38.6608432,25.69758903,1080.272819,17.03640968,14.22721512,2281.26738,23.19668135,2240.069642,446.5882337,2459.649038,2457.236825,1970.440774,2240.069642,2.287240793,5.283121663,1.430351079
Reef_29_2019_10_31_SFM_3_02_DEM,13,1.968867234,1.933634167,1.933634167,1.02975283,1.003012692,1.009646005,0.276537968,4941.882029,1007.054013,1186.006275,1256.122384,6.584311379,1128.965094,1180.501121,6.965026835,9.965289304,1470.641832,18.04947306,11.88815949,242.5745185,5.639975189,6.633521789,1144.149047,4.323753583,1129.015784,128.8575326,1221.209908,1220.331382,1000.268684,1129.015784,2.641022634,2.428442613,0.329291642
Reef_29_2019_10_31_SFM_3_02_DEM,14,2.031834325,1.997295438,1.997295438,1.039319149,1.006740557,1.015580576,0.332054436,5916.144405,1562.326363,1823.377499,1916.63646,11.36980476,1738.788133,1816.027692,11.62978602,17.6188598,2246.059748,26.0546143,17.33220115,278.223774,7.239096649,9.351195563,1761.915221,7.817918185,1738.824523,237.2619664,1841.992603,1840.819453,1540.823806,1738.824523,2.697032637,2.683291823,0.396055877
Reef_29_2019_10_31_SFM_3_02_DEM,15,2.108558217,2.077996301,2.077996301,1.070148744,1.009030297,1.021832508,0.290732198,6871.566763,2010.365078,2349.675392,2535.997179,13.92303062,2249.285228,2312.263566,15.34002671,22.86306918,2955.608248,29.91841109,19.82002814,485.8905206,10.26659988,11.09659794,2276.092464,9.639019905,2249.250296,396.5715575,2384.584372,2382.736663,1998.039697,2249.250296,2.53514207,3.869736346,0.702822387
Reef_29_2019_10_31_SFM_3_02_DEM,16,1.967121551,1.922310399,1.922310399,1.080273008,1.008874124,1.02407657,0.494331848,6305.843779,1703.020422,1949.41201,2118.591357,15.86100596,1876.324583,1959.992999,16.69147656,26.59657876,2468.993338,26.5309394,17.66134681,414.8394985,7.283187828,9.300628148,1895.332996,10.9756781,1876.376302,253.5862349,1978.679634,1977.117874,1670.918405,1876.376302,2.074185385,3.031074601,1.414637744
Reef_27_2022_05_17_SFM_3_05_DEM,1,2.392991454,2.381226777,2.381226777,1.034431191,1.008137433,1.012520172,0.096467704,6662.552681,4838.084832,5211.241807,5050.390362,28.71914717,5052.68158,5024.318759,31.21919214,64.76553061,5474.533577,35.95484725,23.83534226,1412.429056,13.84849026,11.35703284,5099.016788,22.42692172,5052.701498,228.3619677,5142.842789,5137.714685,4498.925789,5052.701498,2.512724058,1.944823441,0.296585743
Reef_27_2022_05_17_SFM_3_05_DEM,2,2.309615668,2.282175645,2.282175645,1.039751926,1.008839087,1.01480942,0.141743972,6569.354349,5272.645673,5700.826552,5662.24854,27.2419652,5538.673005,5583.531817,29.97978091,57.01395211,6146.153976,38.95146086,25.72929918,1276.710488,14.70423007,12.52023623,5585.096628,21.0333943,5538.668673,546.356685,5656.465966,5650.558056,4939.955138,5538.668673,2.561525787,2.015168072,0.256424413
Reef_27_2022_05_17_SFM_3_05_DEM,3,2.407505957,2.398616667,2.398616667,1.031038713,1.007317956,1.011377969,0.086113277,6062.477862,4867.748176,5352.773515,5401.336264,18.34554293,5186.565242,5200.663857,19.65167951,34.27094269,6101.270808,39.59989273,26.05661628,1258.820041,14.64987085,13.81524745,5233.185535,13.6494631,5186.560089,1167.706602,5324.035904,5318.169178,4622.565341,5186.560089,2.452910657,1.932782172,0.339333541
Reef_27_2022_05_17_SFM_3_05_DEM,4,2.25241226,2.238166956,2.238166956,1.0403,1.008652178,1.015385997,0.163336441,6113.833347,4622.308294,5175.323449,5242.911605,17.42752839,4989.608259,5009.120124,18.41870968,31.8682309,5969.287187,43.28443868,28.54788569,1291.129755,16.37469834,15.16513605,5041.55562,12.8960797,4989.587337,1164.664751,5157.983817,5152.339214,4437.315405,4989.587337,2.426490834,2.147503411,0.407598291
Reef_27_2022_05_17_SFM_3_05_DEM,5,2.06299354,2.041510033,2.041510033,1.09343411,1.018228722,1.043371325,0.469817807,6768.322872,4280.69429,4602.058015,4425.663773,37.91126474,4450.270039,4313.563231,41.34390156,80.40411593,5060.877344,43.23833654,28.55519669,1732.779154,15.40618663,13.56745251,4495.936305,29.06638434,4450.236539,675.035215,4547.5409,4541.985812,3957.474732,4450.236539,2.317285408,2.603957675,0.831904368
Reef_27_2022_05_17_SFM_3_05_DEM,6,2.200876594,2.176217627,2.176217627,1.088585049,1.019294222,1.040339936,0.303126894,6649.967274,4509.27196,4937.896161,4882.245955,33.17375275,4767.45858,4696.297268,36.19408695,64.17320006,5617.61456,48.60838037,32.06185953,2010.060541,15.73316435,16.70926445,4816.327223,25.10476911,4767.4239,914.1638191,4918.86612,4913.400144,4239.690917,4767.4239,2.425017452,2.561705091,0.589012745
Reef_27_2022_05_17_SFM_3_05_DEM,7,2.174304886,2.142492266,2.142492266,1.066753607,1.013001537,1.028536597,0.27924934,6472.572693,4513.801496,5040.50496,5151.563644,23.58070925,4866.054464,4785.952946,25.95393305,42.79038552,5767.500946,43.46163091,28.62295985,1458.027942,14.6949761,15.0934427,4914.933024,17.61753117,4866.047283,1159.869687,4978.919527,4973.327387,4330.170272,4866.047283,2.398427188,2.269625061,0.481534162
Reef_27_2022_05_17_SFM_3_05_DEM,8,2.226160424,2.215163284,2.215163284,1.060997173,1.012441569,1.025282164,0.212320146,6585.532534,4540.776388,5090.16601,5108.102847,20.6012065,4900.354007,4790.349832,22.5422852,37.94701906,5801.54702,40.94218365,26.99453243,1587.360504,14.68359063,14.1978167,4954.320644,15.35262603,4900.347577,1138.57304,5026.472359,5021.45686,4353.273913,4900.347577,2.430147247,2.40147619,0.469865873
Reef_27_2022_05_17_SFM_3_05_DEM,9,1.968380087,1.961193779,1.961193779,1.334289373,1.047382151,1.171879227,1.007769056,6813.792452,2321.342425,2707.39638,3127.978498,57.9276579,2588.762351,2459.054282,66.09332858,91.14640651,3595.483375,60.80115132,39.98246134,1603.814505,22.61184433,26.82183858,2618.589003,44.12802428,2588.752269,1208.051854,2581.567479,2579.534693,2303.09472,2588.752269,2.22239892,3.487528338,1.472160634
Reef_27_2022_05_17_SFM_3_05_DEM,10,1.904699125,1.836493175,1.836493175,1.124184683,1.016938927,1.071131311,0.921375398,6736.773472,2893.622377,3298.615554,3514.454686,21.08266559,3173.123245,3240.97848,21.7983335,39.96907409,4026.152088,42.36564421,27.90579035,1082.86952,15.35489109,15.52863948,3206.459383,15.70946061,3173.114587,812.6585057,3209.958689,3206.879659,2824.039372,3173.114587,2.205811855,3.484057037,1.339061975
Reef_27_2022_05_17_SFM_3_05_DEM,11,2.229460979,2.216020539,2.216020539,1.042077565,1.011132773,1.021118044,0.200181407,6715.806725,3377.744597,3851.859865,3919.991364,17.26679299,3689.037934,3691.650233,18.04477478,31.66112883,4404.480528,44.87653659,29.53937613,972.7315049,15.81978507,16.51110921,3734.112211,13.02529268,3689.036913,754.2791455,3720.913073,3718.226471,3272.303595,3689.036913,2.344869504,2.176494693,0.560598837
Reef_27_2022_05_17_SFM_3_05_DEM,12,2.236898366,2.239548711,2.239548711,1.060349252,1.01385935,1.028397041,0.206003339,6249.002092,4056.010914,4522.582022,4623.693222,20.9996656,4363.465727,4324.362151,22.68967255,38.12395697,5149.260385,46.76432781,30.74923317,1066.440269,16.30830507,17.01845006,4407.878868,15.71152498,4363.462242,1132.759021,4428.837791,4424.400096,3883.495225,4363.462242,2.403093962,2.614827405,0.573649592
Reef_27_2022_05_17_SFM_3_05_DEM,13,1.995847992,1.954026768,1.954026768,1.262671106,1.044026607,1.132078466,0.995044456,6431.042425,1225.381125,1791.895488,1965.20546,32.54715963,1584.302038,1280.042633,37.83748583,35.94241551,2273.322006,88.00245553,58.39300363,2280.023954,51.87565443,56.10324488,1639.272144,25.09558907,1584.335387,37.64208683,1549.424056,1548.086875,1361.054023,1584.335387,2.232939696,3.287866726,1.454379109
Reef_27_2022_05_17_SFM_3_05_DEM,14,1.994073108,1.989118378,1.989118378,1.367864037,1.065042017,1.202539252,1.076427819,6513.733996,2180.18938,3006.48148,4127.700252,143.6799528,2778.936102,2456.624733,160.0899943,215.1639571,4608.113566,119.0819032,78.6867674,3223.351712,40.04209027,55.12256792,2834.980495,109.3330011,2778.902836,1592.781521,2735.098992,2733.445919,2444.123844,2778.902836,2.293252933,5.56788205,1.565824526
Reef_27_2022_05_17_SFM_3_05_DEM,15,1.92243541,1.882874539,1.882874539,1.263978199,1.033289951,1.138792082,1.104314088,6669.087996,2299.73379,2746.781829,2905.604731,34.08793177,2590.982215,2559.940532,34.65919055,66.2171385,3242.804071,54.84236216,36.30053384,898.0690559,20.85180061,19.73217563,2633.280793,25.21300209,2590.963951,777.3999545,2540.144517,2538.77917,2285.451953,2590.963951,2.223224463,3.821272022,1.4848073
Reef_27_2022_05_17_SFM_3_05_DEM,16,2.13626718,2.128619943,2.128619943,1.102344514,1.022606766,1.045360775,0.387282288,6361.368715,2992.357938,3762.915208,3954.169399,27.67150779,3504.58119,3365.144331,30.68557419,45.7340339,4515.982574,77.68633031,51.23272355,1435.985795,31.37761213,32.57041239,3575.552589,20.16692262,3504.576323,1688.405482,3549.467823,3546.876124,3073.572601,3504.576323,2.315397449,2.728663672,0.905074894
Reef_29_2019_10_31_SFM_3_06_DEM,1,1.895816702,1.847165845,1.847165845,1.078312894,1.003421601,1.018934618,0.397726207,4624.126179,907.7200652,1013.254812,1057.882998,5.440136803,978.6852471,1014.96503,6.144243661,11.25335382,1241.819417,11.57125483,7.782058618,374.7645813,4.659840631,4.478128489,987.445798,4.051859252,978.6943043,25.40596338,1048.40079,1047.767705,872.3779247,978.6943043,2.458397984,2.144218669,0.411960721
Reef_29_2019_10_31_SFM_3_06_DEM,2,2.031587168,1.98715651,1.98715651,1.03704529,1.003232943,1.009103079,0.237980345,4302.958444,911.7078875,1083.789181,1132.285174,5.417644153,1029.128083,1090.325522,5.584071278,9.957347863,1328.178596,13.13005364,8.808654692,349.5081924,4.006087428,5.15346588,1043.795945,3.981068958,1029.144833,23.26768825,1116.668386,1115.923251,910.0412224,1029.144833,2.627779612,2.839999379,0.406554639
Reef_29_2019_10_31_SFM_3_06_DEM,3,1.966750319,1.925781253,1.925781253,1.033154194,1.002325188,1.007548083,0.249604093,3564.457984,827.4961881,980.6055387,1036.581458,4.300335204,934.881663,988.3571434,4.634202313,8.860127978,1214.539754,9.816472261,6.435142464,348.6445464,3.049772559,4.118246038,946.8567607,3.348312299,934.8866307,12.20555688,1006.267234,1005.599112,828.1179657,934.8866307,2.664893308,2.928971545,0.338943839
Reef_29_2019_10_31_SFM_3_06_DEM,4,2.091599843,2.061883368,2.061883368,1.052858098,1.002827138,1.009999205,0.171749893,3711.264617,914.0385726,1001.635258,1044.831997,3.869820909,974.6295676,1003.390806,4.296984172,8.209592903,1227.808347,8.714042646,5.723197142,401.5282327,3.289835669,3.518513415,981.5977879,2.951409187,974.6308637,11.07340069,1023.390302,1022.777655,871.432334,974.6308637,2.638848348,2.681257439,0.360895216
Reef_29_2019_10_31_SFM_3_06_DEM,5,2.048245903,2.005843195,2.005843195,1.117727753,1.013387468,1.034804042,0.45505408,4682.749485,1032.146433,1350.38736,1437.273114,7.127093321,1249.946406,1363.228616,6.732544838,10.86661503,1680.019045,24.67953956,16.4535498,404.5241408,6.28638161,9.150849504,1276.829031,5.103640018,1249.999839,53.02557233,1394.043351,1393.423565,1092.946855,1249.999839,2.687261867,3.58381253,0.455616295
Reef_29_2019_10_31_SFM_3_06_DEM,6,1.991929108,1.936299503,1.936299503,1.036658913,1.004555295,1.012977731,0.337047449,4889.307002,1017.572582,1195.15584,1241.531298,4.752341266,1138.167422,1202.840559,5.068767989,9.34033553,1457.930818,14.6720525,9.73602656,575.3147069,4.447324284,5.922301848,1153.275379,3.749041425,1138.182838,13.15944645,1232.713854,1231.952575,1007.652782,1138.182838,2.668344036,2.823630787,0.3787269
Reef_29_2019_10_31_SFM_3_06_DEM,7,2.045340674,2.014401422,2.014401422,1.034769085,1.004201412,1.01250805,0.246909053,5193.126287,1200.051932,1376.994772,1440.584892,6.188845107,1322.261598,1386.256677,6.473404704,11.88829999,1690.780509,13.84289103,9.169245525,587.0093041,3.662741722,5.575945624,1336.607871,4.80312316,1322.281638,16.59974004,1411.292384,1410.568292,1174.750146,1322.281638,2.654000138,3.083671808,0.409090281
Reef_29_2019_10_31_SFM_3_06_DEM,8,2.046596866,2.00453046,2.00453046,1.051089986,1.00468132,1.013639747,0.269732209,4580.719335,1171.473185,1307.284681,1340.269727,5.772446927,1263.006761,1304.434275,6.351496119,11.87406128,1577.587589,10.96401917,7.22211328,542.0311659,3.283152514,4.495521636,1274.77972,4.538553858,1263.01005,15.71486781,1334.994486,1334.232271,1124.603739,1263.01005,2.780059932,2.861260717,0.286412954
Reef_29_2019_10_31_SFM_3_06_DEM,9,2.144954038,2.102855248,2.102855248,1.075722886,1.008436795,1.02072085,0.257780618,5240.899992,1096.37639,1335.506161,1382.899946,5.890615715,1256.838003,1341.671714,6.125302337,10.22516474,1623.477746,20.40130567,13.51960837,623.2307974,6.258078615,8.014455524,1277.759891,4.265344925,1256.872476,24.13372137,1399.501712,1398.883027,1106.872635,1256.872476,2.667130915,3.086733309,0.403820634
Reef_29_2019_10_31_SFM_3_06_DEM,10,2.019653573,1.997165783,1.997165783,1.043512284,1.005331635,1.015250009,0.295348118,5591.187915,1147.684275,1308.353034,1363.523444,6.453113909,1256.953648,1319.663287,7.247651258,13.57676167,1600.621173,14.03322253,9.311558753,770.7106481,4.742013813,6.043867655,1270.632547,5.085685931,1256.961792,17.02206447,1357.582119,1356.730929,1117.46093,1256.961792,2.599921543,2.776640675,0.414643645
Reef_29_2019_10_31_SFM_3_06_DEM,11,2.013492286,1.968051003,1.968051003,1.026546898,1.003107219,1.009954766,0.249270584,5749.304621,1279.707481,1405.951233,1442.090056,9.456408823,1362.911952,1416.515951,10.43768605,20.83338632,1695.899161,11.68277332,7.714365936,725.0745781,4.173087016,4.735012246,1374.593364,7.479263943,1362.916983,18.63729409,1436.993819,1436.221938,1215.504431,1362.916983,2.664856604,2.914561039,0.367718816
Reef_29_2019_10_31_SFM_3_06_DEM,12,1.983550375,1.942852535,1.942852535,1.037196883,1.003411897,1.009475613,0.285064807,5343.637797,1319.954354,1570.822189,1593.261427,5.79001641,1487.398949,1583.499393,6.405134437,12.89522996,1876.128864,16.64120552,11.07523797,652.2883609,6.171507651,7.013650056,1510.118933,4.68922237,1487.400347,15.26312979,1624.002189,1623.192587,1312.403477,1487.400347,2.711693222,2.741913738,0.31460911
Reef_29_2019_10_31_SFM_3_06_DEM,13,2.035238348,2.021064182,2.021064182,1.07888207,1.007427993,1.01929311,0.321067227,5374.56133,1081.550439,1375.691042,1436.836451,7.374537582,1276.159155,1380.829111,7.286432721,11.40909207,1683.373485,30.62611754,20.41692099,662.124564,9.163630491,11.01364766,1302.579014,5.239869233,1276.204231,59.88361753,1429.819884,1429.102279,1117.355157,1276.204231,2.583903961,3.032982291,0.460911632
Reef_29_2019_10_31_SFM_3_06_DEM,14,2.042528079,1.999833834,1.999833834,1.064853279,1.007164242,1.017378178,0.339368626,6095.847169,1319.059501,1552.796905,1637.581737,10.1210552,1478.988586,1596.02299,11.02332717,20.68519412,1917.585131,19.45585183,12.93296252,853.6176567,6.244714521,7.703665925,1498.53778,7.894052303,1479.002344,35.11927787,1631.474453,1630.273374,1309.8288,1479.002344,2.670238576,3.145548387,0.406950414
Reef_29_2019_10_31_SFM_3_06_DEM,15,2.05961881,2.025329501,2.025329501,1.042613932,1.004441403,1.011786782,0.244442684,6015.974953,1376.112504,1570.090592,1620.270908,7.548421902,1507.231896,1604.266049,8.27123489,16.70068385,1904.424531,15.10635077,10.07506184,683.9289101,5.548142255,6.11148494,1523.801658,6.031374381,1507.231896,21.65610917,1625.399003,1624.370702,1338.856118,1507.231896,2.714916854,2.782493375,0.329576612
Reef_29_2019_10_31_SFM_3_06_DEM,16,1.973157259,1.932124496,1.932124496,1.038884219,1.002000861,1.006115355,0.226489674,4748.692128,1078.478827,1221.311461,1251.615384,5.746277895,1174.680234,1248.943578,6.392478915,13.74837497,1472.56311,9.652841104,6.572908611,513.3569037,4.481067325,4.238919382,1187.252796,4.563978826,1174.680234,12.26345033,1271.114673,1270.360152,1044.133137,1174.680234,2.655594093,2.320838774,0.301966131
Reef_42_2021_08_18_SFM_4_04_DEM,1,2.067740204,2.042907829,2.042907829,1.120814972,1.007486625,1.027943475,0.298835129,6817.209504,2380.654543,2836.883973,3007.663293,18.03081754,2690.397832,2787.803747,16.73850613,28.26097588,3512.87082,46.70041964,30.95912704,716.0479139,12.21155446,15.40742612,2729.740065,13.35894629,2690.402443,390.3876671,2796.178381,2792.521142,2378.434069,2690.402443,2.336081475,2.395183249,0.800343007
Reef_42_2021_08_18_SFM_4_04_DEM,2,2.083291978,2.03629354,2.03629354,1.200588529,1.009544527,1.046615756,0.345417072,7147.344937,2615.003675,3170.709236,3347.98247,14.42169982,2998.554707,3170.771078,13.76978834,23.47074788,3912.881004,41.93367545,27.75951188,658.1118907,12.47596679,14.53434608,3045.013126,10.6775415,2998.581343,450.2857403,3183.362597,3179.20591,2646.47718,2998.581343,2.398295969,2.433748339,0.721824527
Reef_42_2021_08_18_SFM_4_04_DEM,3,1.904188803,1.871638877,1.871638877,1.062767557,1.003464539,1.015523397,0.367672614,6540.261838,1965.668658,2356.320481,2450.572073,9.999170646,2229.853566,2382.061717,8.938157904,18.12244247,2869.702578,33.2711889,22.09121491,557.7137043,9.879282435,10.99703651,2264.036476,7.696206905,2229.854138,201.7669897,2352.145185,2348.529618,1968.18912,2229.854138,2.349637255,2.233200529,0.611588299
Reef_42_2021_08_18_SFM_4_04_DEM,4,1.978344103,1.980722857,1.980722857,1.087261615,1.005353248,1.024675067,0.313302682,6646.656888,1920.491615,2213.161736,2314.811683,18.52066126,2106.859248,2231.287057,16.93826225,32.12629678,2710.618298,47.5421359,31.56302371,768.7173758,11.62761072,14.96878226,2135.008241,14.31990713,2106.863202,176.4100365,2207.226995,2204.652178,1866.405014,2106.863202,2.321397909,2.048130402,0.601967722
Reef_42_2021_08_18_SFM_4_04_DEM,5,2.157499229,2.114566575,2.114566575,1.168402857,1.010226987,1.038397015,0.272647498,6953.215522,2340.923578,3067.509042,3325.711576,20.33513764,2843.195813,2957.163831,20.57042,28.89000033,3874.862944,58.17726334,38.5324271,672.149292,16.80289044,20.82970795,2903.675638,14.66171052,2843.215791,560.7696408,2988.086217,2984.985201,2488.193699,2843.215791,2.380634238,2.229048665,0.626544058
Reef_42_2021_08_18_SFM_4_04_DEM,6,2.030706213,1.99984985,1.99984985,1.161760375,1.010093458,1.04004073,0.403087285,7070.684836,2462.076619,3097.095129,3208.548562,16.68897674,2891.51133,3040.843491,17.06930657,30.34926462,3757.046035,43.44017827,28.77758988,514.6954355,14.89539404,15.56013511,2948.155549,12.37525741,2891.527956,475.5853784,3053.783058,3050.754705,2535.452584,2891.527956,2.430911422,2.612509364,0.639937699
Reef_42_2021_08_18_SFM_4_04_DEM,7,1.875912613,1.812929096,1.812929096,1.164019933,1.010866033,1.044574972,0.79954304,6700.557415,2084.815011,2596.856177,2826.150096,18.16070692,2441.990736,2627.070306,17.92910802,32.27310253,3288.057868,42.65589879,28.24638768,533.4482114,12.96245436,14.63155544,2483.135487,13.59061496,2442.002239,412.7516828,2563.027575,2559.820687,2151.843951,2442.002239,2.303034229,2.338802842,0.884514362
Reef_42_2021_08_18_SFM_4_04_DEM,8,1.980554195,1.942511016,1.942511016,1.34201189,1.020688202,1.098687379,0.705806363,6690.580174,2079.986658,2661.349908,2637.390121,37.78724401,2448.853855,2456.80798,44.59986468,79.12116874,3093.690912,39.2675054,26.04986025,761.0319659,21.29945699,15.55792037,2508.677329,27.89835696,2448.843575,347.084531,2567.159255,2564.504335,2130.715254,2448.843575,2.230447515,2.196857772,1.177272528
Reef_42_2021_08_18_SFM_4_04_DEM,9,2.135024644,2.102713673,2.102713673,1.156791698,1.008018831,1.035267559,0.251411383,7270.925759,2640.023087,2971.547942,3095.507781,10.1244387,2872.162104,2925.236136,10.47363238,17.29713237,3637.092256,21.52302772,14.14651192,710.2533516,7.589206901,7.562959295,2899.419986,7.20503799,2872.15545,500.0822251,3027.731955,3024.03195,2558.981964,2872.15545,2.43394493,2.312167332,0.549515665
Reef_42_2021_08_18_SFM_4_04_DEM,10,2.123031959,2.09110006,2.09110006,1.295396424,1.014615802,1.068970732,0.353942877,7047.516009,2665.19552,3123.919206,3216.908638,9.078414965,2978.157337,3043.050312,9.218676075,14.73075562,3783.135601,30.34367507,20.13816952,894.9449466,11.83172286,10.98613229,3018.259898,6.218582383,2978.162523,477.8776789,3177.188783,3172.97043,2636.922255,2978.162523,2.404483679,2.396209362,0.695269942
Reef_42_2021_08_18_SFM_4_04_DEM,11,1.900720088,1.87455627,1.87455627,1.138334787,1.007304541,1.036010397,0.529004942,7378.478349,2725.779822,3355.733155,3702.045458,21.11366759,3175.585291,3303.589416,22.134959,32.49634751,4305.651575,47.55449529,31.40238662,1215.570971,14.57459109,15.87986441,3223.301106,15.60023372,3175.601637,632.6743861,3377.637346,3372.388349,2807.316594,3175.601637,2.299468097,2.74861152,0.906300634
Reef_42_2021_08_18_SFM_4_04_DEM,12,1.869552827,1.820794135,1.820794135,1.174595374,1.007141104,1.043297814,0.630156385,7795.751458,2674.055889,3924.277303,4876.54642,62.71545066,3581.398437,3768.086939,72.67947154,86.6397694,5579.704187,115.7960521,76.58968457,1749.632675,28.53415055,40.57836477,3669.726821,46.4824395,3581.397666,1367.557278,3915.732126,3912.153819,3123.068701,3581.397666,2.212846641,2.467085086,1.243884712
Reef_42_2021_08_18_SFM_4_04_DEM,13,2.101005767,2.071989999,2.071989999,1.163906698,1.00803861,1.040492266,0.280004981,7339.617461,3080.82607,3593.952039,3603.91911,16.08177216,3417.549619,3462.751831,18.01912836,29.80236805,4245.714894,35.14808255,23.21584044,944.1378971,14.21630239,12.29878674,3467.152031,11.82506327,3417.5484,654.4513856,3688.000941,3682.067803,3019.467392,3417.5484,2.426905639,2.451839253,0.590902507
Reef_42_2021_08_18_SFM_4_04_DEM,14,2.01920493,1.99043284,1.99043284,1.160303806,1.008957711,1.038643041,0.392219259,7271.534698,3247.147419,3738.455668,3767.458538,16.12454773,3569.780155,3611.486149,17.64900847,27.43194848,4428.686124,38.31172189,25.27562204,1275.931658,14.21347049,12.70404575,3616.992089,11.74047007,3569.772587,781.2896072,3886.727278,3879.607534,3160.49464,3569.772587,2.4229738,2.467902715,0.628028095
Reef_42_2021_08_18_SFM_4_04_DEM,15,1.95245045,1.933631649,1.933631649,1.234731519,1.013680046,1.06568671,0.590851483,6905.510684,2173.51596,2587.430184,2718.90268,19.86997737,2448.998246,2460.343905,22.14921911,40.24438439,3179.724436,40.87534737,27.17606312,812.7595381,20.47661113,15.11253155,2486.244102,13.89195262,2449.011026,477.0159177,2563.225089,2560.336233,2164.859294,2449.011026,2.271941532,2.31947489,0.876764894
Reef_42_2021_08_18_SFM_4_04_DEM,16,1.870669334,1.81823921,1.81823921,1.227634093,1.013460501,1.071158469,0.874227379,6380.596168,1837.121109,2040.43428,2060.250618,17.6459601,1952.508968,2002.032966,16.06964714,32.37718508,2423.05677,45.20062871,30.13373906,592.6268591,13.01473704,14.68179954,1976.183461,13.31172626,1952.505507,240.1307747,2009.93252,2007.618821,1732.97009,1952.505507,2.225179598,2.07420634,1.032849193
Reef_41_2022_05_17_SFM_4_05_DEM,1,2.226838438,2.193687658,2.193687658,1.050048951,1.009767166,1.018048542,0.20252245,6400.178534,4091.314468,4707.046255,4835.428663,15.31947501,4506.644926,4566.026528,15.50875853,26.57394926,5601.932574,49.01019598,32.23611744,1595.328592,18.92224268,17.54012116,4561.953191,11.12290209,4506.64793,1363.467865,4743.321845,4736.793922,3998.120378,4506.64793,2.348202354,2.511708919,0.758950627
Reef_41_2022_05_17_SFM_4_05_DEM,2,2.207173587,2.205924574,2.205924574,1.052863412,1.010371605,1.020376096,0.200059313,6186.846858,3968.79257,4494.477184,4678.962069,15.38851664,4328.034945,4507.48988,15.35664979,29.02345898,5362.059259,47.2933133,31.2402781,1721.964202,17.26062691,16.52225259,4372.80764,11.51787123,4328.036326,693.0338224,4515.722514,4510.530917,3851.722876,4328.036326,2.341499794,2.441749073,0.716312888
Reef_41_2022_05_17_SFM_4_05_DEM,3,2.226001996,2.206117214,2.206117214,1.051954603,1.009633703,1.017561144,0.192647225,6330.113268,4882.602101,5533.522161,5628.995944,19.0530057,5315.884933,5536.194033,19.39304042,37.10816626,6477.784145,51.80514439,34.29014877,2909.017879,17.58278102,16.5360346,5376.002197,14.50207878,5315.879073,558.3163483,5621.321741,5614.165491,4721.884573,5315.879073,2.444539288,2.594787114,0.566664472
Reef_41_2022_05_17_SFM_4_05_DEM,4,2.232714442,2.227809526,2.227809526,1.037149665,1.006957271,1.012221744,0.151756048,6661.909519,4080.013309,4903.492948,5164.168599,25.590702,4640.515602,5106.395145,23.48682164,50.104753,5986.796423,73.2141689,48.62224985,3137.530176,18.73524424,23.29171516,4711.536159,19.82839787,4640.520186,305.2920518,4996.97924,4990.013929,4098.19428,4640.520186,2.390986268,2.273728772,0.570378066
Reef_41_2022_05_17_SFM_4_05_DEM,5,2.196175133,2.187028072,2.187028072,1.074242109,1.010944521,1.024190009,0.219451281,6895.611987,3243.504488,4016.605847,4154.037149,17.46824051,3761.370883,3634.43926,18.46296215,28.00094876,4763.370539,64.99239865,42.79639002,1114.347609,27.34517441,25.77053144,3831.506507,12.4295639,3761.361326,1467.823566,3820.250938,3816.707501,3304.651361,3761.361326,2.30492704,2.507046677,0.821567821
Reef_41_2022_05_17_SFM_4_05_DEM,6,2.378997075,2.369498399,2.369498399,1.096446941,1.015720187,1.027182326,0.139906684,6805.340547,3630.606037,4024.120994,4121.825014,21.23431909,3878.171235,3885.63503,20.91930532,33.54964297,4772.552719,62.46145814,41.29587141,1175.131697,19.66088258,21.63443392,3917.71026,15.49593145,3878.169849,1087.480417,3987.306238,3982.709452,3452.82813,3878.169849,2.404473196,2.355124577,0.63722502
Reef_41_2022_05_17_SFM_4_05_DEM,7,2.310616614,2.296365284,2.296365284,1.117737976,1.019041593,1.03377015,0.198561506,6439.905952,3891.586424,4468.94494,4542.35947,16.32696051,4267.064435,4491.378185,15.94768161,32.03640045,5269.894506,60.24596546,40.00556797,1888.034921,20.05115854,19.56735348,4321.833256,12.63928224,4267.071472,239.905352,4527.554112,4521.711031,3782.084524,4267.071472,2.40891664,2.524717954,0.670515853
Reef_41_2022_05_17_SFM_4_05_DEM,8,2.291314741,2.282892843,2.282892843,1.103189554,1.012413553,1.027285517,0.167708665,6787.206747,3631.9545,4109.946233,4232.716039,12.02191616,3952.883721,4214.126096,11.80341175,28.02812314,4923.389527,44.29096284,29.48054491,2341.440932,16.22415427,16.23193034,3994.591644,9.35680303,3952.893691,98.35029134,4161.230924,4156.936887,3515.875676,3952.893691,2.400587617,2.393393872,0.615007557
Reef_41_2022_05_17_SFM_4_05_DEM,9,2.220565152,2.199257871,2.199257871,1.498652886,1.048277949,1.171699126,0.445862412,6901.151499,1476.63999,1520.368554,1689.002911,9.627862712,1512.781266,1534.086225,9.883909324,20.69106048,1962.949487,18.68754603,12.52433536,214.7171218,9.1628314,7.251835814,1512.467135,6.461456705,1512.788774,193.9285626,1431.788556,1431.483778,1369.978256,1512.788774,2.157130591,1.71019723,0.783754795
Reef_41_2022_05_17_SFM_4_05_DEM,10,2.264831302,2.230883007,2.230883007,1.236330179,1.035239212,1.068099564,0.340292411,6677.420989,3531.603677,4033.642844,4166.726287,14.65797383,3866.173314,4056.65405,15.19727588,28.41166447,4860.015129,49.95318005,33.17008394,1174.219802,20.18223705,17.73471136,3910.704271,10.73060957,3866.200721,353.4328042,4043.625423,4039.586304,3434.743255,3866.200721,2.417965326,2.571030328,0.630280252
Reef_41_2022_05_17_SFM_4_05_DEM,11,2.28315754,2.247753326,2.247753326,1.223914208,1.027622678,1.066639262,0.283638734,7017.322788,3909.958246,4739.489082,4913.545739,16.31861629,4474.010187,4847.761637,14.77483459,29.49087833,5622.087477,60.13284284,39.95218271,1349.629255,18.64699922,21.06753027,4545.923473,12.5321938,4474.017098,242.3803069,4722.430878,4716.990725,3944.834678,4474.017098,2.396751179,2.50254409,0.688947247
Reef_41_2022_05_17_SFM_4_05_DEM,12,2.34498098,2.340658913,2.340658913,1.128568935,1.019275982,1.034461563,0.17135956,6671.157185,3692.136132,4344.413313,4530.104487,16.50695798,4137.337236,4466.269386,15.2665568,30.11322529,5213.903658,53.02013058,35.24266024,1851.647535,15.30485763,19.41127248,4192.856305,12.66814936,4137.359328,180.4612134,4368.217819,4363.241716,3663.106458,4137.359328,2.40471606,2.366486214,0.634032471
Reef_41_2022_05_17_SFM_4_05_DEM,13,2.221171622,2.175940169,2.175940169,2.541737161,1.251308707,1.692340771,1.156245204,6006.092387,1153.624824,1100.406123,1149.5639,24.29865152,1103.401157,1095.556479,23.96806393,47.00006259,1341.70957,18.78835591,12.59100322,197.7883432,7.5479621,6.583071866,1101.944321,18.05437683,1103.389061,157.480652,1000.662825,1000.375376,1000.240251,1103.389061,2.026023044,1.703999611,1.614486902
Reef_41_2022_05_17_SFM_4_05_DEM,14,2.289029855,2.261307514,2.261307514,1.479364962,1.082494966,1.161050082,0.473962189,6265.575679,2316.558658,2564.278349,2611.301588,10.96157341,2473.709313,2579.754509,10.72755461,22.54218748,3068.240522,33.41574883,22.27040161,938.874754,11.5852985,11.84617835,2497.530146,8.519749158,2473.717785,59.42316742,2521.804017,2520.087388,2203.440175,2473.717785,2.228052502,1.717739283,0.611336937
Reef_41_2022_05_17_SFM_4_05_DEM,15,2.318419477,2.322827279,2.322827279,1.335197933,1.04784366,1.101100854,0.28920255,6752.682083,2206.574476,2334.868619,2404.018461,10.31982884,2284.519161,2363.175334,10.16543721,21.93725554,2811.809665,29.64367968,19.76039138,788.5610915,10.67940766,10.18635428,2297.202032,8.043029265,2284.539665,41.14957432,2264.343158,2263.094366,2049.001688,2284.539665,2.283657529,1.933002137,0.627780302
Reef_41_2022_05_17_SFM_4_05_DEM,16,2.331942169,2.325048197,2.325048197,1.20799669,1.025517877,1.054080929,0.208443815,6990.407185,3070.420752,3506.521626,3760.76817,14.05718214,3380.156206,3598.813978,13.45958596,23.92030582,4305.909902,38.41699873,25.56538321,988.9657209,11.02897869,13.58331113,3412.998768,10.60399652,3380.181578,217.6145315,3442.952906,3440.007958,3011.748798,3380.181578,2.344923685,2.184608026,0.662616433
Reef_42_2021_08_18_SFM_4_08_DEM,1,1.867119093,1.855826767,1.855826767,1.166018954,1.013099659,1.04954898,0.757024549,7190.074179,3590.296651,4792.84579,5352.939619,31.51624823,4446.496658,4450.55821,33.37315502,41.76599809,6204.378485,79.5384772,52.37374524,2129.898654,25.86249549,25.82972476,4540.656225,22.53895715,4446.474795,1280.643144,4902.329208,4889.97376,3895.084188,4446.474795,2.191191885,2.48143693,1.160585743
Reef_42_2021_08_18_SFM_4_08_DEM,2,1.880726841,1.863702596,1.863702596,1.044073701,1.006405678,1.014078711,0.514262603,6436.095767,1912.453779,2018.208108,2041.767887,10.52334366,1973.183156,1992.792878,11.28205307,22.46993069,2403.558021,22.3047775,14.82887014,459.2137702,10.38177177,8.191494278,1984.741335,7.597055541,1973.189969,236.5322692,2018.109286,2015.53395,1768.02065,1973.189969,2.310314729,2.194389238,0.77750773
Reef_42_2021_08_18_SFM_4_08_DEM,3,1.836985569,1.83313038,1.83313038,1.103676918,1.011140122,1.02701997,0.754874832,6809.401996,2519.045182,2774.41295,2992.56373,20.0605558,2697.114924,2759.412322,21.22105228,35.77564228,3497.483757,36.27507773,23.99481745,1376.744654,13.21649742,12.52630464,2716.906068,14.03471373,2697.116377,949.825283,2888.83289,2884.673001,2413.558662,2697.116377,2.27340831,2.598706883,1.040723067
Reef_42_2021_08_18_SFM_4_08_DEM,4,1.883603052,1.856930958,1.856930958,1.062742859,1.00574166,1.014778296,0.498358177,7285.850421,3004.711029,3351.585462,3421.673699,11.97278261,3239.442097,3217.962699,13.98322012,22.24363392,4030.493443,22.64313735,14.88046187,1181.248501,12.08082748,8.32791741,3271.128432,8.226941025,3239.304139,1394.254453,3541.569215,3535.171853,2885.288335,3239.304139,2.427762786,2.714620225,0.751371726
Reef_42_2021_08_18_SFM_4_08_DEM,5,1.844621651,1.828546125,1.828546125,1.051830159,1.006811982,1.012203923,0.599099385,5763.988689,1224.065923,1290.705966,1298.820235,6.276694073,1259.104032,1287.232234,6.422438393,14.06166142,1527.951295,18.80719899,12.60125142,242.7389682,7.421856622,6.710007807,1267.329329,4.99322252,1259.103404,50.25642487,1226.771088,1226.028509,1127.558628,1259.103404,2.253594004,1.868826849,0.766507531
Reef_42_2021_08_18_SFM_4_08_DEM,6,1.80576186,1.777582474,1.777582474,1.058517737,1.009914204,1.018938721,0.863046951,6684.839254,2072.021896,2219.441626,2235.782181,14.21955723,2161.57249,2175.759713,14.58885196,27.29992476,2633.509815,21.11306365,13.99707828,452.956316,7.306255875,7.771671805,2177.318227,10.18804436,2161.570222,445.634377,2202.021046,2199.903867,1931.191493,2161.570222,2.226185811,2.253841039,1.140090849
Reef_42_2021_08_18_SFM_4_08_DEM,7,1.850656257,1.823208762,1.823208762,1.106506974,1.012828248,1.03056728,0.838743856,6877.898889,2743.922936,2824.832363,2801.714341,24.86397033,2763.505037,2699.581775,25.94944961,42.81072295,3306.534144,50.26328146,33.11915956,1387.609208,18.27075436,17.76221324,2779.588225,17.83536034,2763.49177,1153.014803,2914.675578,2910.455653,2476.132608,2763.49177,2.26250993,2.836642729,1.247076835
Reef_42_2021_08_18_SFM_4_08_DEM,8,1.810932978,1.78599993,1.78599993,1.102364997,1.012023133,1.026516108,0.923575708,6700.68312,2408.257523,2351.308326,2259.122065,28.85700797,2315.045076,2287.756128,27.02575182,47.08711757,2677.227592,65.1698852,42.79705812,917.0150961,18.24737525,23.23786282,2324.377991,21.02848023,2315.051692,1033.468205,2382.540306,2379.564603,2080.377367,2315.051692,2.234464747,2.498218397,1.187785568
Reef_42_2021_08_18_SFM_4_08_DEM,9,1.846574175,1.826288209,1.826288209,1.032016368,1.006061145,1.010952288,0.569451481,6021.347378,1459.671223,1472.958738,1485.482905,9.613286285,1456.528161,1472.060728,9.564549604,20.07178809,1748.420207,19.83186884,13.24203083,342.7305613,6.951057581,7.075230356,1460.45065,7.381598682,1456.532286,121.5364196,1437.016774,1435.943816,1311.741557,1456.532286,2.228680663,1.8815252,0.901220843
Reef_42_2021_08_18_SFM_4_08_DEM,10,1.889045203,1.875687868,1.875687868,1.062983505,1.011725588,1.02334611,0.668351729,6699.381298,2365.52217,2594.676612,2668.16567,17.83513866,2504.722394,2550.042208,20.12948356,38.00209785,3128.927071,41.87061658,27.67291956,718.0328205,21.74740431,16.1348338,2527.84219,12.43097412,2504.713521,690.2548567,2636.05991,2632.679287,2234.426825,2504.713521,2.245930424,2.266840075,0.979255443
Reef_42_2021_08_18_SFM_4_08_DEM,11,1.940442375,1.927685637,1.927685637,1.033137239,1.004743772,1.010883641,0.354389064,6649.350812,2183.967633,2593.298078,2731.040891,21.1167708,2453.596557,2537.426876,22.31735068,36.42819345,3195.635311,48.57614153,32.13065462,1141.54191,19.13428446,17.69942512,2491.377001,14.91039059,2453.60114,740.83531,2686.849126,2682.207906,2168.566932,2453.60114,2.370516927,2.041799905,0.579658308
Reef_42_2021_08_18_SFM_4_08_DEM,12,1.815291274,1.791612529,1.791612529,1.225094345,1.022410218,1.074860617,1.239815496,7688.831239,3118.19393,3808.151809,3756.936225,30.04215592,3554.497013,3477.326752,32.03149935,53.69175266,4430.043316,59.02636165,38.93354238,2493.79122,27.52499432,20.86041376,3626.05674,22.45724458,3554.433517,718.8074104,3901.484341,3893.823062,3112.917741,3554.433517,2.127446705,2.509947072,1.802715851
Reef_42_2021_08_18_SFM_4_08_DEM,13,1.835702806,1.803308188,1.803308188,1.034176338,1.00414687,1.007605959,0.509824444,6520.652703,1872.23004,1927.593129,1912.179217,7.49749155,1897.107023,1908.141067,8.104944085,17.32862069,2262.153409,17.00473302,11.35061778,590.2173699,7.63271176,6.209114038,1905.321447,5.904066433,1897.11276,59.93398184,1928.491216,1927.05619,1703.625217,1897.11276,2.401937211,2.320725594,0.583160363
Reef_42_2021_08_18_SFM_4_08_DEM,14,1.842878686,1.819314766,1.819314766,1.052748505,1.009590441,1.015787701,0.734474022,6679.969559,2272.581833,2400.627875,2396.190234,12.72066949,2338.267107,2366.754261,13.24954996,25.15046265,2827.836558,35.04965905,23.23325257,658.9212198,14.73684169,13.30124494,2354.5959,8.847181829,2338.285034,457.2870382,2433.718006,2431.015675,2091.990121,2338.285034,2.247920458,2.38469692,0.997096965
Reef_42_2021_08_18_SFM_4_08_DEM,15,1.850823783,1.822571303,1.822571303,1.057760248,1.007216715,1.014531915,0.629605776,6666.631585,2147.273589,2335.753882,2321.62741,12.14334392,2257.837928,2304.55506,12.85571156,25.10571946,2741.807886,28.2514143,18.80095193,600.0953113,13.31129692,10.89381292,2279.198312,8.211313583,2257.819762,456.2891139,2360.95242,2358.053223,2011.921492,2257.819762,2.293290455,2.073187716,0.768521592
Reef_42_2021_08_18_SFM_4_08_DEM,16,1.836924718,1.825514416,1.825514416,1.061936481,1.008983471,1.01561303,0.695636291,6673.848795,1977.565243,2038.701692,2054.334662,14.1767757,1997.230249,2017.275016,12.97888812,24.40776566,2423.089632,38.53035935,25.63710279,593.2048505,11.5444241,13.0618777,2007.639045,10.0006339,1997.244856,250.0138511,2020.874711,2019.073023,1791.792889,1997.244856,2.272320126,2.34729222,0.966343131
Reef_44_2022_05_17_SFM_4_11_DEM,1,2.207553311,2.217261088,2.217261088,1.967645829,1.084483049,1.391271984,0.559008543,7064.301001,2139.570979,2608.893197,2862.513411,20.45209504,2471.257883,2758.942762,20.93650811,38.07097691,3295.247015,37.87435214,25.07899959,521.0471959,10.09018059,12.9414556,2507.499842,15.30570231,2471.264506,365.748122,2552.513518,2551.411408,2185.094125,2471.264506,2.533380688,3.271190881,0.929477572
Reef_44_2022_05_17_SFM_4_11_DEM,2,2.182207299,2.190668272,2.190668272,1.840061458,1.114974928,1.336551089,0.720302352,7627.57696,2798.260584,3316.458381,3766.447481,28.57583945,3178.575737,3569.591181,27.65747758,50.47279848,4246.750416,49.78544374,32.82506624,474.3578452,9.925927114,16.29556751,3213.342478,21.3631845,3178.594559,375.1611924,3149.974535,3148.623277,2828.216281,3178.594559,2.441979929,3.453932822,1.056316227
Reef_44_2022_05_17_SFM_4_11_DEM,3,2.278277534,2.26059629,2.26059629,2.114588652,1.149597957,1.465484126,0.650054763,6932.719514,1848.109547,2227.568601,2386.799998,22.04546489,2108.294316,2298.894138,23.61102073,44.03187652,2765.018219,31.66335683,20.98846042,411.8259143,9.737634981,10.86451835,2140.233732,16.47906741,2108.314786,313.3291655,2154.490957,2153.097738,1862.098887,2108.314786,2.398150853,2.960983529,1.034163862
Reef_44_2022_05_17_SFM_4_11_DEM,4,2.240648825,2.242896131,2.242896131,2.253759926,1.186367922,1.571346125,0.778031343,6042.846321,1970.141336,2069.603078,2063.150156,23.13928384,2021.338452,2033.733558,23.25616233,47.96300934,2380.013725,19.07740211,12.74607646,274.4977445,6.028025267,6.208131312,2035.200263,16.67919982,2021.367895,157.2914845,1911.642302,1910.778555,1806.797576,2021.367895,2.290888336,3.300282929,1.141395628
Reef_44_2022_05_17_SFM_4_11_DEM,5,2.248360205,2.246471088,2.246471088,1.219750015,1.037076783,1.064406985,0.330844382,6543.909813,2241.839807,2547.213894,2687.861961,17.64664403,2453.330239,2674.730888,17.77855534,39.01243911,3065.468986,23.85009917,15.93453039,548.3053747,8.156768657,8.202759486,2478.181879,13.75384809,2453.329783,61.69535651,2464.611178,2463.297019,2183.32097,2453.329783,2.549591117,2.667967848,0.644944131
Reef_44_2022_05_17_SFM_4_11_DEM,6,2.097629189,2.118752086,2.118752086,1.42263501,1.060443966,1.151112856,0.66139693,7362.901446,3045.368286,3414.730902,3565.823201,20.34250016,3297.8952,3539.792639,20.1482998,42.81372568,4009.806666,32.5257469,21.5790792,604.9300589,9.82252159,11.04407089,3328.855023,15.6833989,3297.886372,224.9229065,3262.26576,3260.913886,2937.505803,3297.886372,2.412670683,3.61929639,1.148131639
Reef_44_2022_05_17_SFM_4_11_DEM,7,2.158170192,2.157298679,2.157298679,1.694469463,1.099799251,1.279166497,0.750653338,7376.200587,2589.526385,3035.694007,3384.710004,30.20237993,2911.817668,3277.126144,30.95389898,61.23472502,3833.478924,39.57063539,26.16678659,599.9126795,10.92698115,13.16085124,2943.585909,22.83637091,2911.857392,433.3004018,2937.864453,2936.612413,2589.882975,2911.857392,2.39048611,3.682533561,1.176846325
Reef_44_2022_05_17_SFM_4_11_DEM,8,2.196128286,2.205907261,2.205907261,2.136848472,1.171676493,1.495893155,0.846012276,7081.994895,2223.241323,2754.143095,2926.605466,36.63144072,2579.863483,2819.740542,39.04044345,76.50841561,3342.318514,43.16532962,28.62855631,525.4492701,15.00935294,14.76207866,2627.194875,27.2099818,2579.894851,422.1533441,2618.085959,2616.760963,2266.745417,2579.894851,2.444703287,4.093519782,1.143722653
Reef_44_2022_05_17_SFM_4_11_DEM,9,2.091415154,2.09103812,2.09103812,1.307103578,1.043748221,1.092710191,0.616897293,6758.228189,2465.823798,2875.945537,3157.154379,20.26902571,2762.907704,3086.888765,19.56960955,39.79167768,3577.476527,31.06889419,20.79168012,510.6265658,7.595776924,10.53683557,2791.684744,15.42277641,2762.920213,148.450252,2755.064668,2753.985166,2457.756948,2762.920213,2.46744649,3.14447523,0.92803365
Reef_44_2022_05_17_SFM_4_11_DEM,10,2.156618669,2.181040394,2.181040394,1.597207059,1.065657841,1.210349809,0.556191746,7534.852845,2327.268514,2856.791879,3162.451629,24.14372191,2704.528417,3072.641113,23.86480425,45.69063144,3578.180058,40.80371797,27.1136671,574.9546199,9.895535371,13.77764256,2744.175622,18.15579047,2704.553244,344.5148957,2746.891477,2746.081753,2390.72009,2704.553244,2.485399684,3.855179261,0.987564623
Reef_44_2022_05_17_SFM_4_11_DEM,11,2.135771327,2.140097063,2.140097063,1.454297605,1.04385718,1.175997081,0.521102945,7037.399003,2064.37497,2530.815242,2739.032998,20.4026434,2389.836525,2615.669774,20.78316893,38.70625282,3116.754839,35.86837838,23.79813653,356.2221903,9.623445547,12.43224176,2427.332427,15.19180836,2389.85456,281.7458281,2391.477111,2390.152358,2109.035343,2389.85456,2.522495674,3.269313115,0.787553549
Reef_44_2022_05_17_SFM_4_11_DEM,12,2.286384587,2.30134407,2.30134407,1.862849774,1.110517078,1.31943882,0.480713264,6880.639867,2142.90066,2420.828758,2486.44067,17.61373539,2324.412488,2428.419819,18.18171538,35.31712352,2871.622108,27.83540095,18.64246458,482.5593101,8.247891769,9.36707667,2350.89375,13.31223505,2324.436112,149.4677976,2299.133513,2298.17083,2064.738602,2324.436112,2.523817526,2.88800191,0.80257386
Reef_44_2022_05_17_SFM_4_11_DEM,13,2.106926943,2.105909887,2.105909887,1.619775545,1.067395406,1.231578182,0.731411276,7245.037755,2729.45798,2949.840805,3199.201685,29.70298658,2881.799215,2984.162115,29.31355941,54.93854198,3636.123862,40.7088689,27.25157427,560.6507944,8.795918509,12.81696517,2898.804806,22.00764388,2881.852571,237.9285293,2793.844285,2792.826511,2583.324512,2881.852571,2.319984406,2.691839424,1.156396091
Reef_44_2022_05_17_SFM_4_11_DEM,14,2.225958167,2.238188778,2.238188778,1.725602868,1.078006464,1.261406179,0.498797082,6435.045158,2348.877812,2528.865772,2498.295532,19.21385389,2451.611468,2462.113288,19.93236895,38.86775336,2853.476156,25.59507827,17.03086417,366.0290918,8.038819198,8.450800583,2473.370003,14.15091964,2451.647554,136.3154871,2344.582697,2343.653408,2184.574566,2451.647554,2.516017168,2.505687857,0.657616496
Reef_44_2022_05_17_SFM_4_11_DEM,15,2.149550628,2.147881427,2.147881427,1.720982961,1.073271617,1.286093186,0.660324266,6756.641522,2359.966282,2617.032026,2692.921644,17.57629178,2528.785203,2674.3359,18.87873949,41.40107853,3014.295122,24.86367492,16.62135608,460.5502468,11.64262887,8.800652146,2552.274797,13.64571444,2528.78919,69.83774545,2465.702362,2464.770682,2253.395426,2528.78919,2.423026646,3.206237549,0.991791487
Reef_44_2022_05_17_SFM_4_11_DEM,16,2.20094054,2.188746526,2.188746526,1.818015625,1.096354111,1.333009262,0.660876959,6963.249452,2329.806042,2881.313249,3126.313843,26.50261061,2712.465289,3014.961457,27.31405337,51.738308,3560.780784,44.90910559,29.76780716,525.2465047,12.56252188,15.3849053,2757.411983,19.87469585,2712.4753,442.2902344,2770.030692,2768.844803,2390.125267,2712.4753,2.510962718,3.270662762,0.955121219
Reef_43_2020_01_23_SFM_4_14_DEM,1,1.970220372,1.960280243,1.960280243,1.029374409,1.003680992,1.009296908,0.278757077,6847.11555,2536.449034,3007.559767,2896.972869,12.17015084,2830.788112,2898.129976,15.08498914,28.96273022,3405.900578,32.13816765,21.46759187,933.0650112,17.93510865,12.16315165,2880.902864,9.129106267,2830.790688,266.0006359,3003.855418,3000.428153,2489.052072,2830.790688,2.199484016,2.130982985,0.663726747
Reef_43_2020_01_23_SFM_4_14_DEM,2,1.771887371,1.724753013,1.724753013,1.065789963,1.006169002,1.021823108,0.816815916,6437.808302,2436.461341,2767.842692,2795.244297,16.16007593,2650.485088,2741.348046,19.44900853,34.55780531,3251.141753,27.30339548,18.29549724,868.3848639,14.16373923,10.71117778,2682.362281,11.78873044,2650.504053,140.3622701,2753.713682,2751.654123,2351.519843,2650.504053,1.892540809,1.761633671,1.410785437
Reef_43_2020_01_23_SFM_4_14_DEM,3,1.776039886,1.702965617,1.702965617,1.079966976,1.006457746,1.026251154,0.901325744,6285.853198,2356.976314,2616.990581,2903.855488,47.87562344,2534.514261,2656.486844,51.40207591,86.57426784,3309.918488,41.78716854,27.75046324,925.2324259,11.00739371,13.57182964,2555.504925,35.92148144,2534.528836,287.721796,2550.714489,2549.234067,2263.448372,2534.528836,1.89941683,2.657345309,1.666273057
Reef_43_2020_01_23_SFM_4_14_DEM,4,1.942084155,1.940287301,1.940287301,1.06875989,1.007785529,1.020755357,0.434934921,6964.465135,3066.790051,3685.831511,3981.043546,25.42410557,3496.063818,3869.046916,25.10267224,46.73274802,4567.707253,57.78595287,38.28320022,1467.311929,16.57980086,18.65671547,3546.32644,19.26133962,3496.059622,461.5716278,3767.722898,3761.130635,3093.00508,3496.059622,2.470195909,4.018975727,0.582660317
Reef_43_2020_01_23_SFM_4_14_DEM,5,1.817174705,1.773930672,1.773930672,1.198411553,1.020402741,1.063999319,1.257119247,8737.013568,2721.442023,3344.51181,3398.808837,31.2393143,3122.009719,3248.811528,39.02541552,56.190923,3978.39238,56.29120173,37.28373599,1692.17714,31.17524212,19.69966611,3183.694929,22.75509424,3122.006032,992.2915622,3525.996034,3520.741258,2738.972579,3122.006032,2.072324393,3.409352142,1.773749411
Reef_43_2020_01_23_SFM_4_14_DEM,6,1.908581407,1.895403408,1.895403408,1.180407229,1.020788404,1.056809042,0.833008722,7077.88509,2504.540603,2984.506409,2799.457619,29.70655684,2786.397473,2947.543345,35.23475664,63.00254078,3312.043723,37.99796569,25.20639352,1256.057318,24.92462127,15.65934224,2843.654781,22.95678503,2786.384761,219.2940594,2974.536189,2972.477997,2439.470416,2786.384761,2.111067683,1.843206031,1.515096784
Reef_43_2020_01_23_SFM_4_14_DEM,7,1.825836816,1.784526085,1.784526085,1.19714799,1.019535842,1.06029212,1.185515941,6837.58163,2725.140691,3050.442557,3380.07413,113.2791776,2920.915751,3034.228997,125.2641757,198.6392255,3855.345625,60.31930382,40.06133953,1436.039499,19.95952984,18.5075921,2956.344065,85.21868707,2920.912012,565.5523996,3029.92954,3027.922252,2591.967732,2920.912012,2.010029324,3.105162435,1.747624099
Reef_43_2020_01_23_SFM_4_14_DEM,8,1.944935266,1.903549544,1.903549544,1.043094682,1.003936428,1.009771618,0.350921949,6409.413689,3199.630247,3420.66593,3585.09249,21.48199173,3347.001886,3522.216768,24.36962311,46.41489635,4168.677225,34.72603778,23.09911574,2033.57952,15.47319084,11.46259368,3365.365871,16.46952656,3346.997713,230.0173823,3564.375117,3559.667606,3001.326898,3346.997713,2.422374229,3.709241854,0.635438323
Reef_43_2020_01_23_SFM_4_14_DEM,9,1.749247611,1.69643274,1.69643274,1.123500163,1.012305743,1.042160841,1.274559586,8003.343171,2637.606019,3153.179122,3289.96788,47.24317431,2969.998789,3117.465243,60.80389295,95.54411596,3826.006786,45.96161763,30.51829406,1386.911914,34.08953532,17.25571364,3020.151861,34.69910773,2969.995237,1007.586102,3293.846179,3289.245109,2619.332452,2969.995237,1.989591254,3.284060249,1.791155815
Reef_43_2020_01_23_SFM_4_14_DEM,10,1.806848829,1.771429013,1.771429013,1.099287697,1.014300318,1.032773154,1.060018786,6647.662915,2517.759671,2828.141157,2925.991248,36.40390256,2712.031304,2814.164339,41.35989301,64.76877506,3412.297984,39.18888437,26.08324597,920.9606926,17.84973582,14.04201623,2743.644705,27.61435059,2712.012885,251.7445988,2763.240518,2761.402249,2409.076432,2712.012885,1.936166818,1.684524842,1.468122125
Reef_43_2020_01_23_SFM_4_14_DEM,11,1.873151333,1.848635401,1.848635401,1.039076175,1.005932689,1.012029956,0.521381213,6301.83815,2667.827247,2986.916007,2957.445573,20.83048657,2863.104248,2951.934618,25.57397629,46.33731682,3461.424168,29.76715446,19.86550374,1104.54091,17.78132908,11.79133787,2897.296295,14.81633781,2863.145448,148.153294,2982.198385,2980.305352,2540.68701,2863.145448,1.994871197,1.722261086,0.968165457
Reef_43_2020_01_23_SFM_4_14_DEM,12,2.008474414,1.99783255,1.99783255,1.024137989,1.003492268,1.007754014,0.238371829,6069.1263,2804.946249,3219.875634,3099.86517,12.41841859,3058.33188,3109.319497,15.1439895,29.89104427,3628.218314,33.99762479,22.64017584,1480.569901,17.31123385,13.51827284,3103.636372,9.750556711,3058.329299,51.80533559,3196.221783,3193.540108,2700.143673,3058.329299,2.189991266,1.896269438,0.697459161
Reef_43_2020_01_23_SFM_4_14_DEM,13,1.792038001,1.752126048,1.752126048,1.040046709,1.005825867,1.01306154,0.721870645,6769.481523,2612.246369,2964.831773,2928.158602,21.61081244,2829.036572,2951.082421,26.57584767,40.77354966,3447.691933,33.0482572,21.99064524,1188.006847,16.9290726,12.36121263,2867.034133,15.4192796,2829.059578,331.4758309,3083.799888,3080.468661,2504.307448,2829.059578,2.074570852,1.908984343,0.875675857
Reef_43_2020_01_23_SFM_4_14_DEM,14,1.855265972,1.824480829,1.824480829,1.060848469,1.010432011,1.01929814,0.752586411,6474.180978,2614.702004,2972.054922,2967.721383,19.62042765,2838.004104,2969.217436,23.3699441,39.24552245,3483.310044,34.52413741,22.9938899,1200.654365,17.76004622,13.24250163,2874.791077,13.91978883,2838.044564,203.2302862,3015.673284,3012.859886,2514.737887,2838.044564,2.093359227,1.891233527,0.985583127
Reef_43_2020_01_23_SFM_4_14_DEM,15,1.885747035,1.872312175,1.872312175,1.048796958,1.006553931,1.015540246,0.504906173,6269.636493,2730.837368,2952.998266,3056.237182,21.43608023,2870.837349,2994.539504,26.17394814,48.10681454,3572.591653,34.33614393,22.85276246,1465.692073,20.48394199,12.61535568,2891.620373,15.49169751,2870.865925,247.541269,3055.303645,3051.69122,2567.814941,2870.865925,2.322806443,2.020791908,0.718115926
Reef_43_2020_01_23_SFM_4_14_DEM,16,1.904165898,1.883992346,1.883992346,1.073156104,1.008088086,1.024054883,0.538850353,7082.668493,2650.802806,3372.53819,3281.027765,17.29589946,3108.62794,3300.300274,19.99255887,35.41067665,3861.417977,55.12267669,36.7170021,1213.908037,27.19342584,20.07823723,3182.929216,12.05085002,3108.639582,488.7860714,3445.545053,3439.007506,2708.643648,3108.639582,2.221009803,1.960052982,0.703248918
Reef_9_2022_01_20_SFM_NERR_DEM,1,1.924031629,1.775492406,1.775492406,1.688237965,1.112492127,1.240260384,3.002072715,2963.872253,2461.436293,2403.870073,1988.799299,13.37647976,2364.285942,2128.16557,14.45220331,29.07874441,2387.598211,9.531869086,6.396880639,374.0129879,3.527104537,3.071341301,2379.704689,9.945157298,2364.272293,64.95191778,2211.38729,2210.712082,2110.827145,2364.272293,2.237876358,2.832097116,0.902416587
Reef_9_2022_01_20_SFM_NERR_DEM,2,1.798759745,1.628490435,1.628490435,2.840667478,1.148185895,1.926077328,5.783116892,4537.38448,2134.207194,2077.696004,1875.27819,15.49531696,2057.830796,1958.008573,16.26438167,32.42588571,2235.698647,15.74347651,10.57583343,465.3419895,5.814651094,5.07573187,2065.625352,11.1950835,2057.838344,73.84734688,1971.315251,1970.502404,1847.838256,2057.838344,2.5176324,2.576570693,0.41839844
Reef_9_2022_01_20_SFM_NERR_DEM,3,2.351904168,2.348555293,2.348555293,1.539106398,1.093884315,1.188000479,0.374705324,7037.559328,2689.622025,3020.255991,3016.793866,29.46663475,2890.771861,2963.397134,32.97396413,57.99796024,3548.94031,37.46331565,24.94432477,1274.584772,13.86711358,12.60767161,2927.487127,21.93550217,2890.788567,222.6592864,3053.012176,3050.635995,2562.124932,2890.788567,2.536838704,3.777929435,0.638367116
Reef_9_2022_01_20_SFM_NERR_DEM,4,2.322882154,2.315240893,2.315240893,1.586560069,1.079912729,1.214714425,0.386714724,8195.573172,4276.539152,4155.635531,3863.860745,52.99663485,4114.570029,3828.981256,58.25711211,96.56560448,4597.869356,52.04754533,34.47186392,2868.475451,13.28372354,14.70608007,4129.557376,39.61377854,4114.497204,344.3105809,4238.632158,4234.323408,3695.087054,4114.497204,2.500964316,3.390866517,0.567532659
Reef_9_2022_01_20_SFM_NERR_DEM,5,2.367605686,2.344428392,2.344428392,1.444594606,1.086829796,1.148228965,0.364927433,6479.509874,3784.744832,3810.567659,3469.490223,22.24909556,3743.002315,3589.098831,24.02323552,41.61439349,4130.407969,26.16464281,17.54010156,1475.966336,8.117208209,8.682915549,3765.584311,16.18981309,3742.909134,184.9223469,3774.771956,3772.028425,3347.75786,3742.909134,2.4993502,3.070471955,0.497529864
Reef_9_2022_01_20_SFM_NERR_DEM,6,1.788419543,1.615569337,1.615569337,5.447990217,1.142761727,3.68343223,5.928756771,6149.338264,3761.668066,3914.080055,3892.353202,19.14871188,3845.974853,3827.723212,21.19517896,34.53279438,4590.55289,25.56242535,17.0957945,1078.541397,9.673201976,8.92688088,3865.77794,13.67204448,3845.826264,289.4435575,3893.051113,3889.845913,3448.413107,3845.826264,2.382850683,2.822342872,0.560662031
Reef_9_2022_01_20_SFM_NERR_DEM,7,2.519419189,2.497606737,2.497606737,1.791550791,1.166723115,1.283924061,0.303020381,5260.177092,2671.949879,2437.573702,2341.706243,17.21730105,2480.141987,2354.706334,17.82210878,32.50244251,2774.712388,20.3589766,13.80002305,634.2247457,7.192599145,6.545727533,2468.829569,12.1953649,2479.985077,125.3389571,2351.491993,2350.709142,2257.095109,2479.985077,2.32707237,2.319575113,0.458835661
Reef_9_2022_01_20_SFM_NERR_DEM,8,2.454758312,2.45219126,2.45219126,1.62274319,1.120845639,1.220056701,0.298744109,6963.622324,4950.875152,4733.141416,4215.87849,30.85924756,4710.206399,4400.629165,33.31029503,58.18488377,4848.967125,35.58450352,23.88305482,1621.312087,11.55374496,10.7681851,4721.566354,22.4873536,4710.105052,186.4229398,4579.615146,4577.943985,4236.407354,4710.105052,2.526480023,3.577513806,0.50477612
Reef_9_2022_01_20_SFM_NERR_DEM,9,2.386612468,2.362039879,2.362039879,1.365269002,1.070901313,1.116913091,0.309049125,7005.976988,3799.69375,3781.78258,3477.529548,21.16666205,3730.101275,3578.583038,23.84802074,41.25501514,4127.958614,28.2936635,18.95418734,1744.537803,11.04363905,9.798467229,3747.161718,15.51475899,3729.896627,115.2279228,3799.39281,3796.932028,3344.411102,3729.896627,2.571031714,3.324565272,0.502518892
Reef_9_2022_01_20_SFM_NERR_DEM,10,2.315136613,2.329190239,2.329190239,1.324499291,1.070308206,1.129595923,0.344813947,7207.705741,2378.595744,2924.212714,2957.448769,23.39252631,2731.120549,2927.39878,27.0036193,41.33090581,3474.376055,49.42720022,32.76578212,2380.319692,17.82579228,16.53219058,2784.346746,17.43494641,2731.126495,465.565347,3143.002332,3137.17092,2394.138522,2731.126495,2.590053676,4.518518184,0.649116755
Reef_9_2022_01_20_SFM_NERR_DEM,11,2.469447332,2.463707142,2.463707142,1.491117291,1.101875967,1.172573814,0.262382951,6686.672496,2708.443287,3126.078405,2950.711509,30.45749788,2951.57407,2978.665718,36.28944384,59.50790168,3485.478515,35.16628923,23.42322278,1242.127188,14.78088654,12.39018742,3002.573745,22.44625015,2951.572077,302.1333221,3142.310645,3139.922516,2594.842328,2951.572077,2.698149424,3.647151526,0.439637661
Reef_9_2022_01_20_SFM_NERR_DEM,12,2.436174491,2.432913419,2.432913419,1.472690314,1.087907334,1.165348397,0.270279766,6954.797748,3602.25834,4195.383611,3852.422761,20.20244427,3948.832893,4008.765676,24.24307641,40.00031387,4515.225709,41.83942942,27.90972152,1087.342743,18.36744143,15.07886928,4020.770437,14.72811514,3948.845135,307.2243147,4156.172504,4153.983032,3464.898175,3948.845135,2.545072879,3.292503694,0.522307992
Reef_9_2022_01_20_SFM_NERR_DEM,13,2.456164451,2.453154663,2.453154663,1.385118983,1.068612152,1.116275469,0.221574265,6469.704108,3745.813414,3564.010254,3228.247748,22.72333718,3560.350854,3357.782826,24.42703467,43.90777954,3837.840048,23.36146226,15.74865604,1058.539256,7.801865507,7.172510546,3564.663724,16.33113219,3560.054929,149.2720091,3467.915212,3466.737622,3208.766113,3560.054929,2.595345737,2.69550124,0.393264651
Reef_9_2022_01_20_SFM_NERR_DEM,14,2.464061542,2.41159289,2.41159289,1.518057862,1.093308469,1.157653846,0.300201675,5099.223942,3151.331601,2957.152989,2522.516598,14.89558463,2951.934532,2736.067556,15.67751574,29.39535952,3024.339525,16.84530505,11.4044217,713.2693161,6.336581979,5.574778122,2957.361469,10.31361392,2951.310854,113.4267109,2854.225786,2853.480676,2655.914884,2951.310854,2.201923796,1.782107898,0.48500669
Reef_9_2022_01_20_SFM_NERR_DEM,15,1.738858135,1.573621871,1.573621871,2.246316493,1.089456936,1.551703178,5.359592187,5419.850911,3771.576373,3937.737902,3556.089878,13.17203358,3830.866331,3729.660292,14.6236469,26.87052849,4160.077057,16.683055,11.18563747,627.6460027,7.163540314,6.239529959,3864.601892,9.18327079,3830.89562,132.7982352,3750.256657,3749.13652,3410.567092,3830.89562,2.472652445,2.36482113,0.401923716
Reef_9_2022_01_20_SFM_NERR_DEM,16,2.516974768,2.499324523,2.499324523,1.572966963,1.099268844,1.181235271,0.228784823,6163.277615,3696.654081,3704.924028,3362.766748,18.45798488,3647.531651,3545.574574,19.98497074,36.60678953,3977.197275,18.04607153,12.10476875,715.6770987,6.746379674,6.048425276,3667.219871,13.04262245,3647.566874,140.8743474,3543.241999,3542.070498,3265.093217,3647.566874,2.462958936,2.012405504,0.384281218
